{"cameraMode":{"drawMode":0,"name":"Shaded","section":"Shading Mode"},"sceneLighting":true,"audioPlay":false,"sceneViewState":{"showFog":true,"showMaterialUpdate":false,"showSkybox":true,"showFlares":true,"showImageEffects":true,"showParticleSystems":true},"in2DMode":false,"pivot":{"x":0.20999999344348908,"y":0.0,"z":-5.960000038146973},"rotation":{"x":0.03143712505698204,"y":-0.6149941086769104,"z":0.0245500560849905,"w":0.7875223159790039},"size":0.38790157437324526,"orthographic":true}