{"cameraMode":{"drawMode":0,"name":"Shaded","section":"Shading Mode"},"sceneLighting":false,"audioPlay":false,"sceneViewState":{"showFog":true,"showMaterialUpdate":false,"showSkybox":true,"showFlares":true,"showImageEffects":true,"showParticleSystems":true},"in2DMode":false,"pivot":{"x":-3.947690010070801,"y":4.47465705871582,"z":0.9748471975326538},"rotation":{"x":0.1577882021665573,"y":-0.3167138695716858,"z":0.05351848900318146,"w":0.9337724447250366},"size":23.06893539428711,"orthographic":false}