{"cameraMode":{"drawMode":0,"name":"Shaded","section":"Shading Mode"},"sceneLighting":false,"audioPlay":false,"sceneViewState":{"showFog":true,"showMaterialUpdate":false,"showSkybox":true,"showFlares":true,"showImageEffects":true,"showParticleSystems":true},"in2DMode":false,"pivot":{"x":-0.6114037036895752,"y":0.764543890953064,"z":-2.3001341819763185},"rotation":{"x":0.1841861754655838,"y":0.039795175194740298,"z":-0.007464240770787001,"w":0.9820570945739746},"size":3.2538797855377199,"orthographic":false}