{"cameraMode":{"drawMode":0,"name":"Shaded","section":"Shading Mode"},"sceneLighting":false,"audioPlay":false,"sceneViewState":{"showFog":true,"showMaterialUpdate":false,"showSkybox":true,"showFlares":true,"showImageEffects":true,"showParticleSystems":true},"in2DMode":false,"pivot":{"x":0.020000003278255464,"y":0.20358753204345704,"z":0.0},"rotation":{"x":0.00294962408952415,"y":0.9957951903343201,"z":-0.08474498242139816,"w":0.03466338291764259},"size":1.367457389831543,"orthographic":true}