{"cameraMode":{"drawMode":0,"name":"Shaded","section":"Shading Mode"},"sceneLighting":true,"audioPlay":false,"sceneViewState":{"showFog":true,"showMaterialUpdate":false,"showSkybox":true,"showFlares":true,"showImageEffects":true,"showParticleSystems":true},"in2DMode":false,"pivot":{"x":-13.890897750854493,"y":-1.753652572631836,"z":-9.151872634887696},"rotation":{"x":-0.07120171934366226,"y":-0.8635545372962952,"z":0.1273188441991806,"w":-0.48269423842430117},"size":82.52027893066406,"orthographic":false}