{"cameraMode":{"drawMode":0,"name":"Shaded","section":"Shading Mode"},"sceneLighting":false,"audioPlay":false,"sceneViewState":{"showFog":true,"showMaterialUpdate":false,"showSkybox":true,"showFlares":true,"showImageEffects":true,"showParticleSystems":true},"in2DMode":false,"pivot":{"x":5.750000953674316,"y":-1.1500000953674317,"z":-0.125},"rotation":{"x":0.1577882021665573,"y":-0.3167138695716858,"z":0.05351848900318146,"w":0.9337724447250366},"size":4.166046619415283,"orthographic":false}