{"cameraMode":{"drawMode":0,"name":"Shaded","section":"Shading Mode"},"sceneLighting":true,"audioPlay":false,"sceneViewState":{"showFog":true,"showMaterialUpdate":false,"showSkybox":true,"showFlares":true,"showImageEffects":true,"showParticleSystems":true},"in2DMode":false,"pivot":{"x":-0.2421259731054306,"y":1.052722454071045,"z":-5.694391250610352},"rotation":{"x":0.2608991265296936,"y":0.017956018447875978,"z":-0.004853836726397276,"w":0.9651868939399719},"size":6.1288676261901859,"orthographic":false}