{"cameraMode":{"drawMode":0,"name":"Shaded","section":"Shading Mode"},"sceneLighting":false,"audioPlay":false,"sceneViewState":{"showFog":true,"showMaterialUpdate":false,"showSkybox":true,"showFlares":true,"showImageEffects":true,"showParticleSystems":true},"in2DMode":false,"pivot":{"x":7.2243499755859379,"y":1.2558677196502686,"z":-0.7494259476661682},"rotation":{"x":-0.6845799088478088,"y":0.03929765895009041,"z":-0.03699899837374687,"w":-0.7269368767738342},"size":4.4888153076171879,"orthographic":false}