{"cameraMode":{"drawMode":0,"name":"Shaded","section":"Shading Mode"},"sceneLighting":false,"audioPlay":false,"sceneViewState":{"showFog":true,"showMaterialUpdate":false,"showSkybox":true,"showFlares":true,"showImageEffects":true,"showParticleSystems":true},"in2DMode":false,"pivot":{"x":-12.34600830078125,"y":-0.24191342294216157,"z":0.1250005066394806},"rotation":{"x":0.1577882021665573,"y":-0.3167138695716858,"z":0.05351848900318146,"w":0.9337724447250366},"size":1.0184893608093262,"orthographic":false}