{"cameraMode":{"drawMode":0,"name":"Shaded","section":"Shading Mode"},"sceneLighting":false,"audioPlay":false,"sceneViewState":{"showFog":true,"showMaterialUpdate":false,"showSkybox":true,"showFlares":true,"showImageEffects":true,"showParticleSystems":true},"in2DMode":false,"pivot":{"x":-0.5059999823570252,"y":0.4999999701976776,"z":-1.937000036239624},"rotation":{"x":-0.6054061651229858,"y":0.014328367076814175,"z":-0.010893503203988076,"w":-0.7957131266593933},"size":3.30126953125,"orthographic":false}