{"cameraMode":{"drawMode":0,"name":"Shaded","section":"Shading Mode"},"sceneLighting":false,"audioPlay":false,"sceneViewState":{"showFog":true,"showMaterialUpdate":false,"showSkybox":true,"showFlares":true,"showImageEffects":true,"showParticleSystems":true},"in2DMode":false,"pivot":{"x":-2.5484111309051515,"y":0.8569498062133789,"z":-9.93000316619873},"rotation":{"x":-0.6845799088478088,"y":0.03929765895009041,"z":-0.03699899837374687,"w":-0.7269368767738342},"size":6.4609575271606449,"orthographic":false}