{"cameraMode":{"drawMode":0,"name":"Shaded","section":"Shading Mode"},"sceneLighting":true,"audioPlay":false,"sceneViewState":{"showFog":true,"showMaterialUpdate":false,"showSkybox":true,"showFlares":true,"showImageEffects":true,"showParticleSystems":true},"in2DMode":false,"pivot":{"x":-3.8551788330078127,"y":-7.29638671875,"z":11.0048828125},"rotation":{"x":0.4085691273212433,"y":0.006846349220722914,"z":-0.0030635707080364229,"w":0.9126965403556824},"size":6.193501949310303,"orthographic":true}