{"cameraMode":{"drawMode":0,"name":"Shaded","section":"Shading Mode"},"sceneLighting":false,"audioPlay":false,"sceneViewState":{"showFog":true,"showMaterialUpdate":false,"showSkybox":true,"showFlares":true,"showImageEffects":true,"showParticleSystems":true},"in2DMode":false,"pivot":{"x":2.193574905395508,"y":0.6816598176956177,"z":1.4151796102523804},"rotation":{"x":-0.03629051521420479,"y":-0.024883095175027849,"z":0.0009056447888724506,"w":-0.9990310668945313},"size":3.9428577423095705,"orthographic":true}