{"cameraMode":{"drawMode":0,"name":"Shaded","section":"Shading Mode"},"sceneLighting":false,"audioPlay":false,"sceneViewState":{"showFog":true,"showMaterialUpdate":false,"showSkybox":true,"showFlares":true,"showImageEffects":true,"showParticleSystems":true},"in2DMode":false,"pivot":{"x":6.380000114440918,"y":0.38899996876716616,"z":0.949999988079071},"rotation":{"x":-0.3602675497531891,"y":0.15210653841495515,"z":-0.059599727392196658,"w":-0.9184327125549316},"size":2.542820930480957,"orthographic":false}