{"cameraMode":{"drawMode":0,"name":"Shaded","section":"Shading Mode"},"sceneLighting":false,"audioPlay":false,"sceneViewState":{"showFog":true,"showMaterialUpdate":false,"showSkybox":true,"showFlares":true,"showImageEffects":true,"showParticleSystems":true},"in2DMode":false,"pivot":{"x":-0.5059999823570252,"y":0.0,"z":-1.9359620809555054},"rotation":{"x":-0.43154510855674746,"y":-0.06103016063570976,"z":0.029346369206905366,"w":-0.8995460867881775},"size":2.037313938140869,"orthographic":true}