{"cameraMode":{"drawMode":0,"name":"Shaded","section":"Shading Mode"},"sceneLighting":false,"audioPlay":false,"sceneViewState":{"showFog":true,"showMaterialUpdate":false,"showSkybox":true,"showFlares":true,"showImageEffects":true,"showParticleSystems":true},"in2DMode":false,"pivot":{"x":-0.12159284949302674,"y":0.3540349006652832,"z":-5.571314334869385},"rotation":{"x":-0.16153749823570252,"y":0.02723226137459278,"z":-0.004458372946828604,"w":-0.9864806532859802},"size":7.0809760093688969,"orthographic":false}