{"cameraMode":{"drawMode":0,"name":"Shaded","section":"Shading Mode"},"sceneLighting":true,"audioPlay":false,"sceneViewState":{"showFog":true,"showMaterialUpdate":false,"showSkybox":true,"showFlares":true,"showImageEffects":true,"showParticleSystems":true},"in2DMode":false,"pivot":{"x":-2.1296920776367189,"y":-57.11101531982422,"z":-1.617131233215332},"rotation":{"x":-0.7012264132499695,"y":-0.10289730131626129,"z":0.10340629518032074,"w":-0.6978545188903809},"size":67.91055297851563,"orthographic":true}