{"cameraMode":{"drawMode":0,"name":"Shaded","section":"Shading Mode"},"sceneLighting":false,"audioPlay":false,"sceneViewState":{"showFog":true,"showMaterialUpdate":false,"showSkybox":true,"showFlares":true,"showImageEffects":true,"showParticleSystems":true},"in2DMode":false,"pivot":{"x":7.248452663421631,"y":1.2558677196502686,"z":-0.7427399754524231},"rotation":{"x":-0.28701743483543398,"y":0.1914536952972412,"z":-0.05865103378891945,"w":-0.9367639422416687},"size":4.398016929626465,"orthographic":false}