{"cameraMode":{"drawMode":0,"name":"Shaded","section":"Shading Mode"},"sceneLighting":false,"audioPlay":false,"sceneViewState":{"showFog":true,"showMaterialUpdate":false,"showSkybox":true,"showFlares":true,"showImageEffects":true,"showParticleSystems":true},"in2DMode":false,"pivot":{"x":-7.057590961456299,"y":6.351779937744141,"z":1.272003173828125},"rotation":{"x":-0.11555027961730957,"y":-0.002386447275057435,"z":0.00027781850076280534,"w":-0.9932987689971924},"size":22.4451961517334,"orthographic":false}