{"cameraMode":{"drawMode":0,"name":"Shaded","section":"Shading Mode"},"sceneLighting":false,"audioPlay":false,"sceneViewState":{"showFog":true,"showMaterialUpdate":false,"showSkybox":true,"showFlares":true,"showImageEffects":true,"showParticleSystems":true},"in2DMode":false,"pivot":{"x":5.679903030395508,"y":0.012296780943870545,"z":-0.16603584587574006},"rotation":{"x":0.005255371797829866,"y":-0.7134221792221069,"z":0.005350714549422264,"w":0.7006944417953491},"size":1.4660470485687256,"orthographic":false}