{"cameraMode":{"drawMode":0,"name":"Shaded","section":"Shading Mode"},"sceneLighting":false,"audioPlay":false,"sceneViewState":{"showFog":true,"showMaterialUpdate":false,"showSkybox":true,"showFlares":true,"showImageEffects":true,"showParticleSystems":true},"in2DMode":false,"pivot":{"x":-7.209254741668701,"y":2.5496268272399904,"z":0.37593698501586916},"rotation":{"x":-0.11555027961730957,"y":-0.002386447275057435,"z":0.00027781850076280534,"w":-0.9932987689971924},"size":11.571971893310547,"orthographic":false}