{"cameraMode":{"drawMode":0,"name":"Shaded","section":"Shading Mode"},"sceneLighting":false,"audioPlay":false,"sceneViewState":{"showFog":true,"showMaterialUpdate":false,"showSkybox":true,"showFlares":true,"showImageEffects":true,"showParticleSystems":true},"in2DMode":false,"pivot":{"x":22.1299991607666,"y":0.34999996423721316,"z":18.3799991607666},"rotation":{"x":-0.6784819960594177,"y":0.08352629840373993,"z":-0.07809492200613022,"w":-0.7256630659103394},"size":2.0887320041656496,"orthographic":false}