{"cameraMode":{"drawMode":0,"name":"Shaded","section":"Shading Mode"},"sceneLighting":false,"audioPlay":false,"sceneViewState":{"showFog":true,"showMaterialUpdate":false,"showSkybox":true,"showFlares":true,"showImageEffects":true,"showParticleSystems":true},"in2DMode":false,"pivot":{"x":6.380000114440918,"y":0.38899996876716616,"z":0.949999988079071},"rotation":{"x":-0.049778733402490619,"y":0.7875668406486511,"z":-0.06417696177959442,"w":-0.6108534336090088},"size":2.542820930480957,"orthographic":false}