{"cameraMode":{"drawMode":0,"name":"Shaded","section":"Shading Mode"},"sceneLighting":false,"audioPlay":false,"sceneViewState":{"showFog":true,"showMaterialUpdate":false,"showSkybox":true,"showFlares":true,"showImageEffects":true,"showParticleSystems":true},"in2DMode":false,"pivot":{"x":2.127660036087036,"y":2.196439743041992,"z":0.4733610153198242},"rotation":{"x":-0.11555027961730957,"y":-0.002386447275057435,"z":0.00027781850076280534,"w":-0.9932987689971924},"size":19.28015899658203,"orthographic":false}