{"cameraMode":{"drawMode":0,"name":"Shaded","section":"Shading Mode"},"sceneLighting":false,"audioPlay":false,"sceneViewState":{"showFog":true,"showMaterialUpdate":false,"showSkybox":true,"showFlares":true,"showImageEffects":true,"showParticleSystems":true},"in2DMode":false,"pivot":{"x":-2.2204596996307375,"y":0.2374897003173828,"z":-9.668109893798829},"rotation":{"x":-0.07638069242238999,"y":0.8476203680038452,"z":-0.12707166373729707,"w":-0.5094689726829529},"size":6.725400447845459,"orthographic":false}