{"cameraMode":{"drawMode":0,"name":"Shaded","section":"Shading Mode"},"sceneLighting":false,"audioPlay":false,"sceneViewState":{"showFog":true,"showMaterialUpdate":false,"showSkybox":true,"showFlares":true,"showImageEffects":true,"showParticleSystems":true},"in2DMode":false,"pivot":{"x":-4.95136833190918,"y":9.686244010925293,"z":-3.7923765182495119},"rotation":{"x":-0.03990262746810913,"y":-0.9157040119171143,"z":0.09401362389326096,"w":-0.3886586129665375},"size":72.82843780517578,"orthographic":false}