{"cameraMode":{"drawMode":0,"name":"Shaded","section":"Shading Mode"},"sceneLighting":false,"audioPlay":false,"sceneViewState":{"showFog":true,"showMaterialUpdate":false,"showSkybox":true,"showFlares":true,"showImageEffects":true,"showParticleSystems":true},"in2DMode":false,"pivot":{"x":-4.0,"y":3.7700016498565676,"z":1.010000228881836},"rotation":{"x":-0.48164114356040957,"y":0.028124989941716195,"z":-0.015458020381629467,"w":-0.8757807016372681},"size":18.2435245513916,"orthographic":false}