{"cameraMode":{"drawMode":0,"name":"Shaded","section":"Shading Mode"},"sceneLighting":false,"audioPlay":false,"sceneViewState":{"showFog":true,"showMaterialUpdate":false,"showSkybox":true,"showFlares":true,"showImageEffects":true,"showParticleSystems":true},"in2DMode":false,"pivot":{"x":-2.2204596996307375,"y":0.2374897003173828,"z":-9.668109893798829},"rotation":{"x":-0.061460353434085849,"y":0.005684428848326206,"z":-0.00034918583696708083,"w":-0.99809330701828},"size":6.479509353637695,"orthographic":true}