{"cameraMode":{"drawMode":0,"name":"Shaded","section":"Shading Mode"},"sceneLighting":false,"audioPlay":false,"sceneViewState":{"showFog":true,"showMaterialUpdate":false,"showSkybox":true,"showFlares":true,"showImageEffects":true,"showParticleSystems":true},"in2DMode":false,"pivot":{"x":-2.567594528198242,"y":0.8569498062133789,"z":-9.95532512664795},"rotation":{"x":0.2989217936992645,"y":-0.5575501322746277,"z":0.22489459812641145,"w":0.7410843968391419},"size":6.065502643585205,"orthographic":false}