{"cameraMode":{"drawMode":0,"name":"Shaded","section":"Shading Mode"},"sceneLighting":true,"audioPlay":false,"sceneViewState":{"showFog":true,"showMaterialUpdate":false,"showSkybox":true,"showFlares":true,"showImageEffects":true,"showParticleSystems":true},"in2DMode":false,"pivot":{"x":-17.549999237060548,"y":0.7999999523162842,"z":0.0},"rotation":{"x":0.44159817695617678,"y":0.2395997792482376,"z":-0.12364336103200913,"w":0.8557425737380981},"size":10.525284767150879,"orthographic":false}