{"cameraMode":{"drawMode":0,"name":"Shaded","section":"Shading Mode"},"sceneLighting":false,"audioPlay":false,"sceneViewState":{"showFog":true,"showMaterialUpdate":false,"showSkybox":true,"showFlares":true,"showImageEffects":true,"showParticleSystems":true},"in2DMode":false,"pivot":{"x":-12.34600830078125,"y":-0.24191342294216157,"z":0.1250005066394806},"rotation":{"x":0.2989217936992645,"y":-0.5575501322746277,"z":0.22489459812641145,"w":0.7410843968391419},"size":1.0184893608093262,"orthographic":false}