{"cameraMode":{"drawMode":0,"name":"Shaded","section":"Shading Mode"},"sceneLighting":false,"audioPlay":false,"sceneViewState":{"showFog":true,"showMaterialUpdate":false,"showSkybox":true,"showFlares":true,"showImageEffects":true,"showParticleSystems":true},"in2DMode":false,"pivot":{"x":-0.072898268699646,"y":0.5,"z":0.04373800754547119},"rotation":{"x":0.3554319441318512,"y":-0.5908041596412659,"z":0.3242170214653015,"w":0.6476897597312927},"size":3.8121542930603029,"orthographic":false}