{"cameraMode":{"drawMode":0,"name":"Shaded","section":"Shading Mode"},"sceneLighting":false,"audioPlay":false,"sceneViewState":{"showFog":true,"showMaterialUpdate":false,"showSkybox":true,"showFlares":true,"showImageEffects":true,"showParticleSystems":true},"in2DMode":false,"pivot":{"x":4.000753879547119,"y":0.4401087760925293,"z":0.23143386840820313},"rotation":{"x":0.23274031281471253,"y":0.005835254676640034,"z":-0.001395016093738377,"w":0.9725204110145569},"size":5.718376159667969,"orthographic":false}