{"cameraMode":{"drawMode":0,"name":"Shaded","section":"Shading Mode"},"sceneLighting":false,"audioPlay":false,"sceneViewState":{"showFog":true,"showMaterialUpdate":false,"showSkybox":true,"showFlares":true,"showImageEffects":true,"showParticleSystems":true},"in2DMode":false,"pivot":{"x":-2.0510001182556154,"y":0.7663626074790955,"z":-2.3763508796691896},"rotation":{"x":0.2989217936992645,"y":-0.5575501322746277,"z":0.22489459812641145,"w":0.7410843968391419},"size":3.403773307800293,"orthographic":false}