{"cameraMode":{"drawMode":0,"name":"Shaded","section":"Shading Mode"},"sceneLighting":false,"audioPlay":false,"sceneViewState":{"showFog":true,"showMaterialUpdate":false,"showSkybox":true,"showFlares":true,"showImageEffects":true,"showParticleSystems":true},"in2DMode":false,"pivot":{"x":0.30527204275131228,"y":0.8911622762680054,"z":0.1390552520751953},"rotation":{"x":0.1555364578962326,"y":0.09467519819736481,"z":-0.014976093545556069,"w":0.9831687808036804},"size":3.393876075744629,"orthographic":false}