{"cameraMode":{"drawMode":0,"name":"Shaded","section":"Shading Mode"},"sceneLighting":false,"audioPlay":false,"sceneViewState":{"showFog":true,"showMaterialUpdate":false,"showSkybox":true,"showFlares":true,"showImageEffects":true,"showParticleSystems":true},"in2DMode":false,"pivot":{"x":0.020000003278255464,"y":0.20000000298023225,"z":0.0},"rotation":{"x":0.2989217936992645,"y":-0.5575501322746277,"z":0.22489459812641145,"w":0.7410843968391419},"size":1.3610249757766724,"orthographic":false}