{"cameraMode":{"drawMode":0,"name":"Shaded","section":"Shading Mode"},"sceneLighting":false,"audioPlay":false,"sceneViewState":{"showFog":true,"showMaterialUpdate":false,"showSkybox":true,"showFlares":true,"showImageEffects":true,"showParticleSystems":true},"in2DMode":false,"pivot":{"x":7.248452663421631,"y":1.2558677196502686,"z":-0.7427399754524231},"rotation":{"x":0.2989217936992645,"y":-0.5575501322746277,"z":0.22489459812641145,"w":0.7410843968391419},"size":4.398016929626465,"orthographic":false}