{"cameraMode":{"drawMode":0,"name":"Shaded","section":"Shading Mode"},"sceneLighting":false,"audioPlay":false,"sceneViewState":{"showFog":true,"showMaterialUpdate":false,"showSkybox":true,"showFlares":true,"showImageEffects":true,"showParticleSystems":true},"in2DMode":false,"pivot":{"x":-0.5059999823570252,"y":0.4999999701976776,"z":-1.937000036239624},"rotation":{"x":-0.1635444015264511,"y":-0.03698452562093735,"z":0.006142054218798876,"w":-0.985823392868042},"size":3.30126953125,"orthographic":false}