{"cameraMode":{"drawMode":0,"name":"Shaded","section":"Shading Mode"},"sceneLighting":false,"audioPlay":false,"sceneViewState":{"showFog":true,"showMaterialUpdate":false,"showSkybox":true,"showFlares":true,"showImageEffects":true,"showParticleSystems":true},"in2DMode":false,"pivot":{"x":0.00014247745275497437,"y":0.06816598773002625,"z":-0.000017969869077205658},"rotation":{"x":-0.2984723448753357,"y":-0.35934165120124819,"z":0.12247636914253235,"w":-0.8756639957427979},"size":0.39428582787513735,"orthographic":true}