{"cameraMode":{"drawMode":0,"name":"Shaded","section":"Shading Mode"},"sceneLighting":false,"audioPlay":false,"sceneViewState":{"showFog":true,"showMaterialUpdate":false,"showSkybox":true,"showFlares":true,"showImageEffects":true,"showParticleSystems":true},"in2DMode":false,"pivot":{"x":-2.5484111309051515,"y":0.8569498062133789,"z":-9.93000316619873},"rotation":{"x":-0.607145369052887,"y":-0.00787194911390543,"z":0.006015475373715162,"w":-0.7945290207862854},"size":6.4609575271606449,"orthographic":true}