{"cameraMode":{"drawMode":0,"name":"Shaded","section":"Shading Mode"},"sceneLighting":false,"audioPlay":false,"sceneViewState":{"showFog":true,"showMaterialUpdate":false,"showSkybox":true,"showFlares":true,"showImageEffects":true,"showParticleSystems":true},"in2DMode":false,"pivot":{"x":0.020000003278255464,"y":0.20358753204345704,"z":0.0},"rotation":{"x":-0.007643916644155979,"y":0.9621779918670654,"z":-0.27095815539360049,"w":-0.027144286781549455},"size":1.367457389831543,"orthographic":true}