{"cameraMode":{"drawMode":0,"name":"Shaded","section":"Shading Mode"},"sceneLighting":false,"audioPlay":false,"sceneViewState":{"showFog":true,"showMaterialUpdate":false,"showSkybox":true,"showFlares":true,"showImageEffects":true,"showParticleSystems":true},"in2DMode":false,"pivot":{"x":7.2243499755859379,"y":1.2558677196502686,"z":-0.7494259476661682},"rotation":{"x":-0.15203149616718293,"y":-0.8297041654586792,"z":0.4628068804740906,"w":-0.2725571393966675},"size":4.4888153076171879,"orthographic":false}