{"cameraMode":{"drawMode":0,"name":"Shaded","section":"Shading Mode"},"sceneLighting":false,"audioPlay":false,"sceneViewState":{"showFog":true,"showMaterialUpdate":false,"showSkybox":true,"showFlares":true,"showImageEffects":true,"showParticleSystems":true},"in2DMode":false,"pivot":{"x":0.0,"y":0.44999998807907107,"z":0.17499998211860658},"rotation":{"x":-0.607145369052887,"y":-0.00787194911390543,"z":0.006015475373715162,"w":-0.7945290207862854},"size":2.844755172729492,"orthographic":true}