{"cameraMode":{"drawMode":0,"name":"Shaded","section":"Shading Mode"},"sceneLighting":false,"audioPlay":false,"sceneViewState":{"showFog":true,"showMaterialUpdate":false,"showSkybox":true,"showFlares":true,"showImageEffects":true,"showParticleSystems":true},"in2DMode":false,"pivot":{"x":-2.0510001182556154,"y":0.7663626074790955,"z":-2.3763508796691896},"rotation":{"x":0.0019995986949652435,"y":-0.9201469421386719,"z":0.39153990149497988,"w":0.004698723088949919},"size":3.403773307800293,"orthographic":false}