{"cameraMode":{"drawMode":0,"name":"Shaded","section":"Shading Mode"},"sceneLighting":false,"audioPlay":false,"sceneViewState":{"showFog":true,"showMaterialUpdate":false,"showSkybox":true,"showFlares":true,"showImageEffects":true,"showParticleSystems":true},"in2DMode":false,"pivot":{"x":-0.00010383129119873047,"y":0.03478287532925606,"z":0.00009698653593659401},"rotation":{"x":-0.02456873469054699,"y":-0.9683513045310974,"z":0.224690780043602,"w":-0.10585985332727432},"size":0.2222398966550827,"orthographic":true}