{"cameraMode":{"drawMode":0,"name":"Shaded","section":"Shading Mode"},"sceneLighting":true,"audioPlay":false,"sceneViewState":{"showFog":true,"showMaterialUpdate":false,"showSkybox":true,"showFlares":true,"showImageEffects":true,"showParticleSystems":true},"in2DMode":false,"pivot":{"x":-24.45928955078125,"y":-1.2421875,"z":-8.5732421875},"rotation":{"x":0.04065178707242012,"y":0.7513567209243774,"z":-0.6570000648498535,"w":0.046490296721458438},"size":52.103904724121097,"orthographic":true}