{"cameraMode":{"drawMode":0,"name":"Shaded","section":"Shading Mode"},"sceneLighting":false,"audioPlay":false,"sceneViewState":{"showFog":true,"showMaterialUpdate":false,"showSkybox":true,"showFlares":true,"showImageEffects":true,"showParticleSystems":true},"in2DMode":false,"pivot":{"x":30.5,"y":2.2428979873657228,"z":19.299999237060548},"rotation":{"x":-0.02343655563890934,"y":-0.7716745734214783,"z":0.6349474191665649,"w":-0.028476301580667497},"size":34.24599838256836,"orthographic":true}