{"cameraMode":{"drawMode":0,"name":"Shaded","section":"Shading Mode"},"sceneLighting":true,"audioPlay":false,"sceneViewState":{"showFog":true,"showMaterialUpdate":false,"showSkybox":true,"showFlares":true,"showImageEffects":true,"showParticleSystems":true},"in2DMode":false,"pivot":{"x":-18.001590728759767,"y":9.088298797607422,"z":-0.9019718170166016},"rotation":{"x":-0.02182585932314396,"y":-0.9776294827461243,"z":0.16310256719589234,"w":-0.13100366294384004},"size":42.185813903808597,"orthographic":false}