{"cameraMode":{"drawMode":0,"name":"Shaded","section":"Shading Mode"},"sceneLighting":true,"audioPlay":false,"sceneViewState":{"showFog":true,"showMaterialUpdate":false,"showSkybox":true,"showFlares":true,"showImageEffects":true,"showParticleSystems":true},"in2DMode":false,"pivot":{"x":2.657200813293457,"y":5.760571479797363,"z":-9.836615562438965},"rotation":{"x":-0.6054064035415649,"y":0.014328372664749623,"z":-0.010893506929278374,"w":-0.7957134246826172},"size":73.71765899658203,"orthographic":false}